<?xml version="1.0" encoding="UTF-8"?>
<project-private xmlns="http://www.netbeans.org/ns/project-private/1">
    <editor-bookmarks xmlns="http://www.netbeans.org/ns/editor-bookmarks/2" lastBookmarkId="0"/>
    <open-files xmlns="http://www.netbeans.org/ns/projectui-open-files/2">
        <group>
            <file>file:/C:/Users/Raquel%20Villon/Documents/GitHub/ProyectoParcialSO/ProyectoRSS/SuscribeRSS/src/panels/mainPanel.java</file>
            <file>file:/C:/Users/Raquel%20Villon/Documents/GitHub/ProyectoParcialSO/ProyectoRSS/SuscribeRSS/src/semaphore/refresh.java</file>
        </group>
    </open-files>
</project-private>
